C,C#,D,D#,E,F,F#,G,G#,A,A#,B,start,end,chord
0.32811084,0.3923927,0.4301057,0.43024004,0.17173165,0.10540139,0.10922225,0.1339688,0.16657896,0.21408656,0.30825627,0.35943282,0.0,0.04641853863847697,<START>
0.6641773,0.3527614,0.10975272,0.110625565,0.36621818,0.16351713,0.08743211,0.18261282,0.09059495,0.0684432,0.15763946,0.4129851,0.04641853863847697,0.09283707727695394,C
0.7547871,0.18447918,0.045407742,0.12424107,0.42937717,0.1683461,0.10619915,0.20601639,0.08210293,0.026816402,0.040538687,0.32130456,0.09283707727695394,0.1392556159154309,C
0.7345006,0.1465374,0.047721867,0.111363016,0.50704914,0.16762316,0.13755903,0.2436377,0.065113634,0.015816618,0.024087358,0.23623767,0.1392556159154309,0.18567415455390787,C
0.83391804,0.19893722,0.056337383,0.078761995,0.4211752,0.11414422,0.089199506,0.18276906,0.04291611,0.006768716,0.013398978,0.14758605,0.18567415455390787,0.23209269319238485,C
0.8934595,0.21983637,0.047885645,0.057833366,0.33215082,0.082699575,0.032536127,0.100400165,0.030699234,0.0044916216,0.009952339,0.13564852,0.23209269319238485,0.2785112318308618,C
0.92243576,0.18912394,0.03627775,0.051359445,0.2736637,0.054274958,0.02481992,0.073493406,0.018392768,0.0038462505,0.008158583,0.15848021,0.2785112318308618,0.32492977046933874,C
0.9425757,0.17923222,0.027888814,0.040610317,0.20604508,0.04480094,0.01949182,0.056801975,0.014680651,0.003231508,0.0062701358,0.16931197,0.3249297704693388,0.37134830910781574,C
0.928327,0.1812847,0.026826449,0.054766856,0.25501433,0.05134257,0.022401458,0.079292335,0.019365883,0.004553342,0.008589596,0.16339743,0.37134830910781574,0.4177668477462927,C
0.88039374,0.16152894,0.026552066,0.08052056,0.3834667,0.06475064,0.026255257,0.104283385,0.021511981,0.0046838913,0.008919793,0.1681033,0.4177668477462927,0.46418538638476964,C
0.85539365,0.16601652,0.019061131,0.07871671,0.4351835,0.076153375,0.027967326,0.11286841,0.023033481,0.0043752454,0.007967575,0.1576769,0.4641853863847697,0.5106039250232467,C
0.8991456,0.18845724,0.015574352,0.053215764,0.333222,0.06893963,0.025149636,0.08904016,0.021197574,0.007025561,0.012029879,0.16719125,0.5106039250232467,0.5570224636617237,C
0.9418488,0.21820495,0.012404691,0.027559754,0.16223304,0.035820857,0.014408086,0.056311134,0.012538925,0.0052718944,0.009260327,0.18204932,0.5570224636617236,0.6034410023002006,C
0.9509697,0.21766455,0.008608245,0.022748658,0.11854284,0.024666341,0.0083631575,0.039832406,0.009389135,0.0034370515,0.007174678,0.17668721,0.6034410023002006,0.6498595409386776,C
0.9224341,0.19521868,0.007150729,0.047739282,0.26832217,0.041762993,0.007218691,0.037724443,0.008854522,0.0029633266,0.007813122,0.18251161,0.6498595409386776,0.6962780795771546,C
0.9214135,0.18478346,0.011248333,0.050175827,0.28047702,0.042838853,0.009555674,0.050651524,0.011220086,0.0023379682,0.0059229094,0.17573358,0.6962780795771545,0.7426966182156315,C
0.9507512,0.18091266,0.016494205,0.029918069,0.13978639,0.023707435,0.013275237,0.075282,0.015839152,0.0016461698,0.0045036175,0.18962038,0.7426966182156315,0.7891151568541085,C
0.9502589,0.17843513,0.016240265,0.028717732,0.14034045,0.023242438,0.015689403,0.081250824,0.016111396,0.0017506599,0.0043266555,0.19161303,0.7891151568541085,0.8355336954925855,C
0.9400989,0.18019068,0.013150083,0.03455593,0.19721852,0.031220134,0.014794116,0.072521485,0.014616367,0.002075005,0.00463355,0.19180964,0.8355336954925854,0.8819522341310624,C
0.9408527,0.18341327,0.01768808,0.037356723,0.17518924,0.04259555,0.021658571,0.092420824,0.023808494,0.004839214,0.009326902,0.19301225,0.8819522341310624,0.9283707727695394,C
0.7609498,0.18492293,0.052051716,0.09237854,0.36981958,0.18627894,0.082759485,0.3499046,0.095993355,0.019320287,0.03413726,0.25300917,0.9283707727695394,0.9747893114080164,C
0.72190744,0.17852084,0.040493686,0.07271278,0.5042641,0.19200988,0.06346613,0.32948542,0.07504693,0.009169881,0.016051494,0.17418551,0.9747893114080163,1.0212078500464932,C
0.8139276,0.17240646,0.04134361,0.06117945,0.43432006,0.11707421,0.041677505,0.26860788,0.05409869,0.005067779,0.007976301,0.15199412,1.0212078500464934,1.0676263886849704,C
0.9124603,0.18513419,0.04664799,0.043486904,0.27132285,0.061944075,0.021446588,0.153351,0.03339837,0.004550162,0.0064560133,0.16268636,1.0676263886849702,1.1140449273234472,C
0.93853396,0.18108237,0.043569095,0.038482446,0.2122213,0.040037498,0.011873852,0.08437686,0.0195905,0.0025210981,0.004637734,0.16932522,1.1140449273234472,1.1604634659619242,C
0.9411275,0.17946771,0.035411473,0.037296366,0.21273439,0.03999945,0.00969359,0.064980604,0.016313642,0.0013165888,0.0033879688,0.16725339,1.1604634659619242,1.2068820046004012,C
0.93476963,0.18187043,0.024563476,0.039164595,0.24266382,0.04700148,0.009966241,0.066418394,0.015974367,0.0010677509,0.0025667425,0.15850294,1.2068820046004012,1.2533005432388782,C
0.9178784,0.17299831,0.01951133,0.046277225,0.30076915,0.05273579,0.010091028,0.06827773,0.01490548,0.0012084345,0.002511137,0.16374302,1.2533005432388782,1.2997190818773552,C
0.88331974,0.174325,0.0140869655,0.05653329,0.3893863,0.0678877,0.010516801,0.06897055,0.014580316,0.0014279026,0.0029196371,0.15697592,1.2997190818773552,1.3461376205158322,C
0.85859835,0.17841794,0.014211604,0.06102643,0.4368547,0.08062189,0.011358742,0.06894945,0.014842702,0.0018149923,0.004027145,0.15679578,1.346137620515832,1.392556159154309,C
0.7924731,0.16937824,0.022692867,0.07655651,0.5381202,0.10897175,0.019089717,0.0790174,0.014764331,0.004773282,0.0108556645,0.16883896,1.392556159154309,1.438974697792786,C
0.75371253,0.16014138,0.029946467,0.08698517,0.5870872,0.10470905,0.018899819,0.089236654,0.017708799,0.0046046837,0.011577059,0.1827139,1.438974697792786,1.485393236431263,C
0.8270565,0.18981783,0.034881584,0.065002136,0.46344942,0.08920649,0.019640656,0.10469522,0.020582044,0.0032326505,0.010648843,0.1996678,1.485393236431263,1.53181177506974,C
0.74745286,0.1651406,0.021813167,0.089149185,0.59191877,0.09839525,0.017467612,0.11019763,0.020886412,0.0023476644,0.0104850605,0.18047044,1.53181177506974,1.578230313708217,C
0.6901195,0.14731838,0.009789855,0.10204715,0.6671138,0.10333235,0.01734201,0.113203615,0.021391373,0.0019658073,0.008285802,0.14885786,1.578230313708217,1.624648852346694,C
0.8124267,0.17379385,0.025738057,0.071469925,0.49578378,0.098883554,0.031760413,0.11616121,0.023331013,0.005699692,0.013479659,0.1820659,1.624648852346694,1.671067390985171,C
0.77459025,0.28757,0.05153257,0.07939759,0.4877057,0.1278407,0.11306151,0.12522703,0.027875954,0.015489806,0.048219785,0.14948864,1.6710673909851708,1.7174859296236478,C
0.74257475,0.29549628,0.054634202,0.07752497,0.5009354,0.15857214,0.17203796,0.13184893,0.028411977,0.026132511,0.088106066,0.14125973,1.7174859296236478,1.7639044682621248,C
0.6239012,0.28632215,0.45047626,0.18028444,0.14702787,0.08228504,0.1611523,0.25867474,0.13623601,0.04369133,0.12693584,0.3680802,1.7639044682621248,1.8103230069006018,C
0.17877471,0.12345805,0.758624,0.2200129,0.030922836,0.029597253,0.10772803,0.25953382,0.13673401,0.032111313,0.08508309,0.4702338,1.8103230069006018,1.8567415455390788,C
0.11597598,0.11534466,0.8570279,0.18390319,0.01762696,0.01473767,0.058916952,0.1579058,0.05303033,0.028210366,0.054160383,0.41164702,1.8567415455390788,1.9031600841775558,G
0.080129765,0.12639254,0.8919729,0.16718742,0.008978403,0.0077829165,0.035241496,0.104176424,0.029172849,0.034167837,0.05619041,0.36962837,1.9031600841775558,1.9495786228160328,G
0.08368385,0.11342976,0.8293849,0.15466587,0.0062684296,0.0071607926,0.031016938,0.09981641,0.02416393,0.02630164,0.082740046,0.49919167,1.9495786228160326,1.9959971614545096,G
0.08582715,0.11373765,0.80258846,0.14137194,0.005804813,0.006340354,0.028555837,0.0959103,0.021671066,0.015924709,0.09108198,0.5444776,1.9959971614545096,2.0424157000929863,G
0.073147096,0.122119054,0.8690888,0.15479475,0.0059298333,0.004821717,0.025044456,0.09384381,0.021938182,0.008619063,0.06931625,0.43082136,2.042415700092987,2.088834238731464,G
0.065023,0.12715325,0.9071505,0.1623345,0.0068533737,0.0053435545,0.024112025,0.086380176,0.019120552,0.005995187,0.051461883,0.34519744,2.0888342387314633,2.1352527773699403,G
0.073753975,0.12352166,0.89413834,0.16510184,0.0077515584,0.00698903,0.022949759,0.07943863,0.019054612,0.011649161,0.055483785,0.3768785,2.1352527773699403,2.1816713160084173,G
0.08264374,0.11422411,0.87121505,0.17648923,0.00885412,0.009137666,0.01928743,0.07111812,0.020086948,0.018777754,0.06759907,0.42313275,2.1816713160084173,2.2280898546468944,G
0.07116229,0.12738222,0.8925335,0.1901376,0.015935674,0.016065469,0.02724781,0.07034452,0.017934844,0.021590818,0.06617086,0.36684072,2.2280898546468944,2.2745083932853714,G
0.061928812,0.15133959,0.92645514,0.18330866,0.017047372,0.019171141,0.04158867,0.10182131,0.02456876,0.01781172,0.04212616,0.25668877,2.2745083932853714,2.3209269319238484,G
0.06994342,0.15603848,0.9025087,0.17544267,0.018255271,0.019407304,0.050937045,0.13312005,0.028573848,0.010264227,0.05787552,0.31648222,2.3209269319238484,2.3673454705623254,G
0.10277735,0.14307986,0.8021843,0.16246215,0.031793248,0.03977857,0.04645663,0.13419688,0.030740393,0.0053324457,0.09692676,0.51569664,2.3673454705623254,2.4137640092008024,G
0.11709011,0.13591331,0.7444232,0.15852848,0.05857281,0.10590173,0.06732656,0.15370245,0.03088666,0.008504668,0.10989294,0.5767272,2.4137640092008024,2.4601825478392794,G
0.12803021,0.14213729,0.74769866,0.1817904,0.11543402,0.20416598,0.08423829,0.18245663,0.036799658,0.026354011,0.09157084,0.5152427,2.4601825478392794,2.5066010864777564,G
0.16758896,0.13459237,0.71771204,0.19846791,0.1143382,0.19511701,0.07844519,0.13032874,0.028446244,0.04411411,0.09089558,0.56035554,2.5066010864777564,2.5530196251162334,G
0.18367395,0.1302381,0.6678748,0.1705609,0.07113226,0.10286803,0.06654212,0.11976274,0.044554718,0.038790617,0.12878604,0.6478162,2.5530196251162334,2.5994381637547104,G
0.16336498,0.15420003,0.7717691,0.24287818,0.044414498,0.053932533,0.08091304,0.28787035,0.17870888,0.059390936,0.098182246,0.3943544,2.5994381637547104,2.6458567023931874,G
0.10675414,0.1258939,0.85622615,0.23244737,0.017738326,0.026493188,0.04708492,0.14670487,0.08077647,0.029978469,0.059730656,0.38710743,2.6458567023931874,2.6922752410316644,G
0.08371234,0.12137422,0.87864757,0.18550667,0.0072681266,0.012999468,0.02790098,0.07128606,0.022116765,0.016990636,0.056452475,0.4022183,2.692275241031664,2.738693779670141,G
0.064156674,0.13319412,0.90445054,0.17921714,0.005995753,0.009473079,0.021187216,0.06800607,0.01460369,0.016376771,0.05368471,0.3455875,2.738693779670141,2.785112318308618,G
0.06788542,0.125593,0.8921834,0.1850557,0.0059760828,0.0100816805,0.019236509,0.071252316,0.015624821,0.015467413,0.060165524,0.37375602,2.785112318308618,2.831530856947095,G
0.07591722,0.12136685,0.86261785,0.17192902,0.0042878864,0.006219921,0.019067867,0.084701575,0.017857151,0.014947972,0.070824035,0.438958,2.831530856947095,2.877949395585572,G
0.085326575,0.112870485,0.84465563,0.18061326,0.0043085758,0.0067464383,0.024400672,0.10795985,0.023446592,0.017732427,0.07034686,0.46452957,2.877949395585572,2.924367934224049,G
0.08519151,0.1182036,0.859305,0.18421325,0.004866291,0.007960095,0.028329376,0.113363504,0.022458635,0.020198606,0.067607485,0.4326738,2.924367934224049,2.970786472862526,G
0.08004211,0.12330847,0.8780742,0.18756022,0.006287901,0.011689074,0.030559624,0.12937799,0.024875866,0.020700445,0.06259602,0.38649818,2.970786472862526,3.017205011501003,G
0.06400337,0.13264365,0.91294307,0.1895401,0.007279619,0.013308183,0.03249569,0.11604969,0.022246532,0.017427834,0.04932187,0.3015525,3.017205011501003,3.06362355013948,G
0.03274615,0.15420513,0.95212835,0.19492973,0.005309681,0.0072542434,0.022419607,0.06659213,0.017311294,0.010171964,0.02522721,0.15666832,3.06362355013948,3.110042088777957,G
0.027194643,0.15914452,0.9590828,0.1810215,0.00355486,0.005616533,0.02154994,0.06273277,0.016387083,0.007447623,0.019845398,0.12713392,3.110042088777957,3.156460627416434,G
0.0328797,0.1557146,0.95206124,0.17709185,0.0043914556,0.0070124823,0.033698633,0.09279972,0.02121302,0.00972437,0.02758751,0.16052508,3.156460627416434,3.202879166054911,G
0.04773437,0.13893422,0.92197824,0.18552482,0.0059440657,0.011554902,0.05264211,0.14804077,0.031238964,0.013660454,0.05003608,0.25579914,3.202879166054911,3.249297704693388,G
0.06165211,0.12994301,0.8850262,0.18045424,0.0071887295,0.014358956,0.061562106,0.17332982,0.03833537,0.01600709,0.07100158,0.35017228,3.249297704693388,3.295716243331865,G
0.07191699,0.13421334,0.8818654,0.17415565,0.006239264,0.009894543,0.04880302,0.13033994,0.032654185,0.014973562,0.06835325,0.37858722,3.2957162433318645,3.3421347819703415,G
0.08064285,0.14971213,0.8888194,0.1705641,0.0053823707,0.008891049,0.035487868,0.071023256,0.019539978,0.01251444,0.06201874,0.37575862,3.3421347819703415,3.3885533206088185,G
0.17401813,0.17306,0.77594477,0.22400464,0.064245336,0.031110229,0.06294133,0.098643005,0.08044864,0.08557103,0.09434675,0.49600053,3.3885533206088185,3.4349718592472955,G
0.583965,0.18413611,0.110638596,0.1363633,0.47868043,0.15125446,0.09110329,0.17388797,0.22027473,0.34670922,0.107269645,0.35136625,3.4349718592472955,3.4813903978857725,G
0.6449253,0.16070078,0.048410203,0.10738715,0.5790558,0.1377554,0.038536206,0.11958767,0.1452437,0.35762006,0.070575505,0.14259699,3.4813903978857725,3.5278089365242495,A:min
0.7081698,0.13763165,0.035549615,0.09963931,0.5484976,0.101846255,0.020890187,0.105804704,0.10462898,0.33750007,0.059296023,0.13091348,3.5278089365242495,3.5742274751627265,A:min
0.7432602,0.1409103,0.026882118,0.097680174,0.5504507,0.09676259,0.015055158,0.08275715,0.0720107,0.27124107,0.050913487,0.12907624,3.5742274751627265,3.6206460138012035,A:min
0.76299196,0.14358193,0.025291285,0.0959292,0.5389316,0.09095955,0.013432214,0.072701976,0.062292848,0.2451954,0.04687879,0.13038309,3.6206460138012035,3.6670645524396805,A:min
0.7760569,0.15291587,0.02197109,0.09217064,0.5280551,0.09121688,0.011021266,0.05588554,0.05452423,0.22916576,0.04520942,0.13203503,3.6670645524396805,3.7134830910781575,A:min
0.7659462,0.15502079,0.018654618,0.09049269,0.5405879,0.09568016,0.010566634,0.049610447,0.051862203,0.23389731,0.04849796,0.1305585,3.7134830910781575,3.7599016297166346,A:min
0.7310538,0.1522748,0.015234957,0.08672777,0.5648618,0.10431833,0.008633057,0.032700006,0.056546163,0.28552407,0.060009565,0.123293415,3.7599016297166346,3.8063201683551116,A:min
0.68892074,0.150101,0.01578225,0.08367071,0.5593555,0.10877123,0.008280278,0.023361467,0.0748848,0.38059366,0.07981896,0.11598999,3.8063201683551116,3.8527387069935886,A:min
0.6738758,0.14236484,0.019162672,0.08228399,0.4770027,0.08803781,0.008316942,0.016644523,0.09641848,0.49594462,0.10838304,0.1259081,3.8527387069935886,3.8991572456320656,A:min
0.702236,0.1584464,0.017749734,0.07810096,0.39409742,0.07186079,0.00936069,0.009637872,0.10359918,0.5174709,0.12355462,0.14461176,3.899157245632065,3.945575784270542,A:min
0.70871943,0.15033238,0.02058063,0.060989194,0.33488408,0.06794044,0.008637157,0.009435305,0.13876462,0.546982,0.10569858,0.1563,3.945575784270542,3.991994322909019,A:min
0.67549914,0.16680616,0.022274846,0.05178543,0.27546343,0.055219494,0.009238987,0.0072836047,0.16055813,0.6126939,0.10953348,0.14304109,3.991994322909019,4.038412861547496,A:min
0.63550913,0.16019854,0.021174945,0.04297382,0.21239196,0.0449877,0.010740848,0.0080351485,0.18786828,0.6751031,0.10695107,0.13549168,4.038412861547497,4.084831400185974,A:min
0.6297056,0.1693944,0.01804613,0.034724478,0.15361165,0.03699368,0.0104386145,0.010481756,0.19587116,0.6940671,0.11210751,0.12408976,4.084831400185974,4.131249938824451,A:min
0.6212256,0.1681398,0.02049537,0.036463488,0.15015411,0.037356894,0.012107557,0.014011126,0.18639407,0.7052557,0.11661453,0.11851648,4.131249938824451,4.177668477462928,A:min
0.67724943,0.2099357,0.026794737,0.037489127,0.14164363,0.03554979,0.012928373,0.013661286,0.15255065,0.65115756,0.11051707,0.11817156,4.177668477462927,4.224087016101404,A:min
0.6544694,0.20378965,0.045561567,0.12399563,0.31189722,0.08766291,0.044182405,0.100258164,0.19511525,0.51150256,0.19736874,0.23887466,4.224087016101404,4.270505554739881,A:min
0.6456757,0.16108169,0.026151255,0.10355891,0.53410876,0.15649003,0.037603892,0.10247413,0.13962567,0.39571247,0.12155303,0.18224202,4.270505554739881,4.316924093378358,A:min
0.6624828,0.14593315,0.013438977,0.08682143,0.5885965,0.13239887,0.019677335,0.09796725,0.10331631,0.35433078,0.08396015,0.12193243,4.316924093378358,4.363342632016835,A:min
0.80187654,0.15726903,0.007490765,0.06508525,0.44324517,0.081775025,0.013323296,0.088599086,0.07046482,0.29288346,0.06626963,0.14713894,4.363342632016835,4.409761170655312,A:min
0.8628273,0.1704245,0.005913053,0.05274074,0.35842693,0.06383636,0.00824658,0.055305675,0.053032868,0.24107878,0.056939583,0.15434603,4.409761170655312,4.456179709293789,A:min
0.8638795,0.16805917,0.005497218,0.05542136,0.37690976,0.0638797,0.0070171678,0.04206942,0.049952265,0.21674396,0.04344467,0.15180683,4.456179709293789,4.502598247932266,A:min
0.8380569,0.17966989,0.0052203853,0.057277452,0.40581495,0.07169761,0.006681841,0.036968302,0.05900481,0.25724325,0.05205297,0.1358993,4.502598247932266,4.549016786570743,A:min
0.8289711,0.17718515,0.004632623,0.053926334,0.41072038,0.075997785,0.0054162876,0.03410297,0.061705787,0.2797636,0.05809033,0.13180979,4.549016786570743,4.59543532520922,A:min
0.8485922,0.18829454,0.0043676626,0.04929563,0.37718612,0.06911117,0.0039192718,0.027216928,0.055767506,0.26405284,0.05117528,0.13686717,4.59543532520922,4.641853863847697,A:min
0.8221867,0.19607453,0.011075188,0.068714306,0.41892233,0.0787296,0.016434524,0.054062013,0.06394341,0.2488213,0.06476033,0.16011767,4.641853863847697,4.688272402486174,A:min
0.7728243,0.22972861,0.0351322,0.09655059,0.46986732,0.11465256,0.072747216,0.21697167,0.06882457,0.115251936,0.05280055,0.17976107,4.688272402486174,4.734690941124651,A:min
0.78478557,0.20013106,0.06156373,0.07916561,0.40676686,0.10377371,0.08907739,0.33614266,0.07576934,0.10720753,0.03198197,0.13634385,4.734690941124651,4.781109479763128,A:min
0.71319413,0.17396359,0.09594115,0.08475168,0.4082738,0.108341806,0.09661885,0.4397317,0.11083565,0.1790013,0.040014368,0.13285883,4.781109479763128,4.827528018401605,A:min
0.65965563,0.1593793,0.106613986,0.09091225,0.44384655,0.1201687,0.09363206,0.4237181,0.12836161,0.27695593,0.06312433,0.15136342,4.827528018401605,4.873946557040082,A:min
0.67398757,0.16805445,0.090659276,0.08715281,0.46962124,0.13322818,0.07259005,0.32384905,0.12977734,0.3283281,0.07481326,0.15167019,4.873946557040082,4.920365095678559,A:min
0.59662753,0.14434907,0.059717163,0.09733685,0.61178166,0.16272566,0.04750852,0.2341218,0.12634525,0.33672738,0.07254393,0.13311931,4.920365095678559,4.966783634317036,A:min
0.49623972,0.1421015,0.052769776,0.1102197,0.7196999,0.1798052,0.033509374,0.15052207,0.10150921,0.3407084,0.079225324,0.10899356,4.966783634317036,5.013202172955513,A:min
0.42523035,0.12282249,0.06927987,0.118261166,0.78657377,0.21379887,0.03272686,0.11651552,0.08944747,0.28693342,0.06117627,0.11035861,5.013202172955513,5.05962071159399,A:min
0.51805687,0.17657067,0.084466904,0.12559852,0.64327747,0.34869298,0.103474356,0.119675666,0.13154228,0.25893825,0.0948706,0.15412834,5.05962071159399,5.106039250232467,A:min
0.60429853,0.17830361,0.03183481,0.072114035,0.42279518,0.5245761,0.15215148,0.070899755,0.124625005,0.27587765,0.07403214,0.13260426,5.106039250232467,5.152457788870944,A:min
0.6332522,0.14137222,0.017893517,0.06167464,0.45167544,0.49866995,0.084013164,0.058499735,0.10252032,0.2948757,0.051994517,0.10748574,5.152457788870944,5.198876327509421,F
0.73626924,0.14372884,0.018725544,0.05971783,0.396648,0.37955284,0.064853825,0.072144896,0.089692086,0.3070383,0.0573867,0.13008256,5.198876327509421,5.245294866147898,F
0.80078155,0.15074953,0.016905278,0.05902557,0.38503122,0.3023728,0.05275114,0.06804587,0.058322858,0.23958322,0.050551903,0.14766607,5.245294866147898,5.291713404786375,F
0.7921556,0.15436745,0.011949519,0.06261324,0.42642707,0.28296974,0.04535022,0.06032168,0.048136946,0.22565196,0.05084095,0.14549536,5.291713404786375,5.338131943424852,F
0.7417916,0.15558822,0.009688106,0.06611846,0.48636484,0.2535217,0.038793012,0.059657693,0.066485055,0.2990272,0.062160563,0.13222183,5.338131943424852,5.384550482063329,F
0.69651115,0.1443357,0.00756138,0.06550459,0.48611525,0.22570588,0.035039887,0.055855256,0.094546296,0.40840763,0.07718325,0.12806076,5.384550482063328,5.430969020701805,F
0.66329014,0.13424093,0.008461787,0.07081813,0.4845174,0.19866268,0.02868681,0.045655426,0.1152555,0.47250512,0.084714316,0.12683047,5.430969020701805,5.477387559340282,F
0.6841013,0.13890822,0.00907854,0.074518025,0.49036482,0.17211162,0.02453571,0.041714408,0.107194126,0.44562566,0.086411014,0.13081548,5.477387559340282,5.523806097978759,F
0.7498722,0.16365558,0.014458441,0.07785038,0.4777432,0.20133653,0.042126697,0.036429018,0.06964824,0.3203989,0.06810573,0.14358732,5.523806097978759,5.570224636617236,F
0.7687044,0.15272312,0.016260615,0.07754656,0.46224567,0.2833662,0.07088404,0.03305812,0.043753654,0.22389641,0.054902133,0.15603898,5.570224636617236,5.616643175255713,F
0.77961224,0.14901988,0.01850942,0.08468718,0.4640612,0.22460242,0.05189396,0.029788129,0.052318994,0.24904044,0.057046913,0.15840195,5.616643175255713,5.66306171389419,F
0.7775517,0.15237948,0.018948272,0.08499941,0.4250153,0.1615876,0.024491798,0.028714577,0.08039044,0.35005125,0.07101397,0.1496511,5.66306171389419,5.709480252532667,F
0.824177,0.16767937,0.019765638,0.06623862,0.31058177,0.12216816,0.017665707,0.024521923,0.088559516,0.37278622,0.07406855,0.15244544,5.709480252532667,5.755898791171144,F
0.878316,0.18962476,0.020899385,0.05301597,0.2194087,0.07934185,0.015027494,0.02252777,0.07156019,0.3162615,0.07451816,0.15327185,5.755898791171144,5.802317329809621,F
0.90751326,0.19427514,0.024355011,0.054392893,0.20051424,0.06786583,0.015925204,0.02587306,0.053559523,0.23435843,0.06794266,0.16426095,5.802317329809621,5.848735868448098,F
0.8697345,0.20154746,0.07103028,0.081483416,0.24511494,0.13261169,0.04047495,0.057627004,0.082743265,0.23329678,0.07789753,0.20319334,5.848735868448098,5.895154407086575,F
0.54531425,0.20080134,0.3632926,0.1452519,0.2867678,0.5449971,0.17365369,0.079846375,0.10921071,0.22213514,0.07164555,0.16443488,5.895154407086575,5.941572945725052,F
0.45906085,0.19546182,0.5502873,0.14274885,0.23570634,0.56356937,0.12372208,0.04660401,0.05374751,0.15984821,0.04026508,0.08459277,5.941572945725052,5.987991484363529,F
0.36229068,0.18117301,0.7492445,0.1636228,0.18858501,0.42267475,0.07372562,0.030984271,0.033537567,0.14705858,0.034652747,0.056714315,5.987991484363529,6.034410023002006,F
0.2987451,0.18714514,0.85312647,0.17165661,0.13866886,0.2707508,0.05445902,0.015874997,0.028772907,0.13583098,0.03121855,0.04931442,6.034410023002006,6.080828561640483,F
0.26604068,0.17223735,0.8669548,0.18665764,0.13519312,0.25765184,0.053466972,0.0074123386,0.031545993,0.14741842,0.03128554,0.042702008,6.080828561640483,6.12724710027896,F
0.26317313,0.1721947,0.8541176,0.18410678,0.17427972,0.26575822,0.05335579,0.008330093,0.03711405,0.1720307,0.03330449,0.04096839,6.12724710027896,6.173665638917437,F
0.27475488,0.16935205,0.84134936,0.20252803,0.17862698,0.26670343,0.05837452,0.008960596,0.038858436,0.18943846,0.036916044,0.040710635,6.173665638917437,6.220084177555914,F
0.32939065,0.17912763,0.8246936,0.18568382,0.14642534,0.286368,0.066631556,0.01156432,0.03715271,0.17771395,0.03351207,0.05206634,6.220084177555914,6.266502716194391,F
0.41453373,0.19708176,0.7828756,0.16661942,0.14289196,0.3076511,0.06983686,0.016784895,0.02850898,0.14977685,0.029070115,0.06593316,6.266502716194391,6.312921254832868,F
0.4640788,0.19395426,0.79598767,0.19043142,0.106760226,0.18198362,0.046999007,0.023659796,0.027461573,0.15269871,0.028415564,0.07063369,6.312921254832868,6.359339793471345,F
0.37753868,0.22556509,0.8460222,0.16663404,0.106095,0.15144812,0.047836266,0.028032709,0.027559081,0.14337912,0.028099798,0.060753338,6.359339793471345,6.405758332109822,F
0.27563474,0.21421193,0.86544615,0.16880393,0.13208929,0.22971685,0.07281683,0.03228803,0.029943949,0.14196523,0.027538968,0.047703024,6.405758332109822,6.452176870748299,F
0.3457362,0.19883357,0.8006336,0.1719384,0.16880918,0.28171903,0.11060067,0.04415743,0.04166684,0.20431738,0.036309626,0.059246037,6.452176870748299,6.498595409386776,F
0.40317106,0.18110707,0.7752258,0.20071182,0.19623056,0.24313667,0.07688243,0.044252433,0.04354085,0.22108826,0.04292059,0.07269083,6.498595409386776,6.545013948025253,F
0.47130445,0.20226575,0.7456279,0.17495091,0.18964359,0.23322922,0.07434334,0.051420882,0.04006429,0.2027096,0.045867812,0.08402473,6.545013948025252,6.591432486663729,F
0.42582238,0.19745244,0.7641473,0.20107295,0.18347436,0.273173,0.091834635,0.050803903,0.032711767,0.1679249,0.040495165,0.07160182,6.591432486663729,6.637851025302206,F
0.46858314,0.239868,0.70599335,0.2303427,0.1771248,0.30574027,0.10644987,0.0543383,0.031835623,0.15486726,0.040970307,0.07482179,6.637851025302206,6.684269563940683,F
0.7308784,0.29116592,0.3413702,0.17156355,0.21437891,0.33355868,0.13144481,0.09568564,0.044965256,0.14717221,0.06777803,0.152128,6.684269563940683,6.73068810257916,F
0.64923733,0.18616189,0.1639109,0.12762919,0.4337527,0.23203114,0.22488025,0.36020914,0.12483816,0.090377465,0.07278265,0.22209698,6.73068810257916,6.777106641217637,F
0.723007,0.16199698,0.13233362,0.0979533,0.46942708,0.19154166,0.13370211,0.32340497,0.09032319,0.025179915,0.026459178,0.18681903,6.777106641217637,6.823525179856114,C
0.79633313,0.1658063,0.12099013,0.07511203,0.34993538,0.10392965,0.07456133,0.36264306,0.10232123,0.017257884,0.02173401,0.19109158,6.823525179856114,6.869943718494591,C
0.79861504,0.1692567,0.10271215,0.08108619,0.37025857,0.09036095,0.077694945,0.35575888,0.08400918,0.013551183,0.012549451,0.17659394,6.869943718494591,6.916362257133068,C
0.77430224,0.16862088,0.10311409,0.08486959,0.39186215,0.090686195,0.07678721,0.39049882,0.11056397,0.0100995945,0.010359747,0.14693014,6.916362257133068,6.962780795771545,C
0.8295143,0.1910973,0.13271752,0.07663151,0.31719884,0.0885231,0.062169645,0.3304485,0.081892,0.008287111,0.010396625,0.15331571,6.962780795771545,7.009199334410022,C
0.87637395,0.20335865,0.1401464,0.06412367,0.21316993,0.07023135,0.0771694,0.28538653,0.057826493,0.013548095,0.012865124,0.15935409,7.009199334410022,7.055617873048499,C
0.88351196,0.20403081,0.11784966,0.049325373,0.1868682,0.04780993,0.0718437,0.29099417,0.06870368,0.017497916,0.016626792,0.17061387,7.055617873048499,7.102036411686976,C
0.9050822,0.1989719,0.070557244,0.047359996,0.20987374,0.04434276,0.05750443,0.236432,0.04965013,0.008052756,0.011288138,0.1616712,7.102036411686976,7.148454950325453,C
0.91621655,0.19104688,0.021127021,0.04496434,0.20228404,0.03948795,0.05519863,0.19260582,0.039992496,0.005770874,0.011916278,0.19283009,7.148454950325453,7.19487348896393,C
0.9270267,0.19045056,0.013462707,0.037664454,0.15567105,0.028886227,0.05145312,0.19996928,0.04454726,0.005145536,0.009360828,0.1815176,7.19487348896393,7.241292027602407,C
0.9272081,0.18556811,0.025255138,0.045280375,0.19298902,0.028270837,0.030615104,0.15161985,0.038788483,0.0063431766,0.010509679,0.19883731,7.241292027602407,7.287710566240884,C
0.9180746,0.16931869,0.028788812,0.04961799,0.23618297,0.03592255,0.03756329,0.16114414,0.034898937,0.0049151103,0.009047189,0.19850509,7.287710566240884,7.334129104879361,C
0.9268972,0.18460053,0.029573424,0.03085054,0.13810843,0.029051276,0.052091118,0.2211681,0.049914427,0.006379504,0.008849233,0.17550097,7.334129104879361,7.380547643517838,C
0.9255117,0.2000397,0.03549138,0.032439265,0.14096001,0.027156994,0.036375728,0.21729177,0.064673014,0.008582428,0.008414263,0.16621374,7.380547643517838,7.426966182156315,C
0.899982,0.19120143,0.047815572,0.05482228,0.26926184,0.045452666,0.03306598,0.20619197,0.055478215,0.0068253614,0.008111774,0.16375624,7.426966182156315,7.473384720794792,C
0.88347536,0.18484922,0.048792128,0.043851182,0.19427006,0.036281634,0.07561284,0.31358042,0.07091569,0.0055388575,0.009213625,0.18096037,7.473384720794792,7.519803259433269,C
0.7544277,0.19771972,0.08357388,0.11837703,0.3494499,0.19829097,0.20837139,0.3233166,0.076610446,0.025065653,0.031675726,0.23207855,7.519803259433269,7.566221798071746,C
0.6346969,0.17148115,0.074885316,0.10520098,0.6022527,0.27079058,0.1712774,0.23647584,0.051941425,0.01637692,0.018299649,0.16274318,7.566221798071746,7.612640336710223,C
0.66942745,0.15146166,0.067712136,0.09334417,0.5937331,0.181195,0.10579843,0.3070859,0.06198583,0.009550032,0.012823278,0.1438214,7.612640336710223,7.6590588753487,C
0.77354115,0.15635733,0.03468828,0.05840389,0.34993264,0.086231336,0.09760328,0.45034564,0.08646981,0.005124546,0.008155871,0.1509173,7.6590588753487,7.705477413987177,C
0.82348377,0.16317691,0.019299125,0.042264413,0.26996642,0.057001546,0.07171118,0.42721918,0.08710748,0.0033293457,0.0051024207,0.14722227,7.705477413987177,7.751895952625654,C
0.8098451,0.16840596,0.03505538,0.037627503,0.2374216,0.051370032,0.07597101,0.4672664,0.10830089,0.0030071647,0.0039464943,0.13518335,7.751895952625653,7.79831449126413,C
0.7761807,0.17963977,0.0710782,0.040577143,0.209731,0.04973565,0.08290797,0.520449,0.13462996,0.0031258364,0.004054206,0.12736344,7.79831449126413,7.844733029902607,C
0.74981105,0.16673931,0.09598963,0.05761248,0.28122383,0.055190496,0.08020482,0.5218995,0.13353138,0.0041740667,0.0056424807,0.13646817,7.844733029902607,7.891151568541084,C
0.74663806,0.15819338,0.09773199,0.06881009,0.35808596,0.065186545,0.09632719,0.48179856,0.09905535,0.0041854694,0.0067347703,0.13950495,7.891151568541084,7.937570107179561,C
0.76208395,0.16601877,0.09046954,0.06766797,0.3526421,0.06982345,0.09319586,0.4569453,0.09479954,0.0041008946,0.008708452,0.15200752,7.937570107179561,7.983988645818038,C
0.7518283,0.18232103,0.072919704,0.07045265,0.35238406,0.06845323,0.08476568,0.46939835,0.11286732,0.0061327796,0.011431424,0.14813717,7.983988645818038,8.030407184456514,C
0.73570496,0.15700594,0.04286499,0.07020384,0.38322753,0.059388593,0.085145965,0.47406247,0.119710945,0.0045854896,0.011308385,0.17454615,8.030407184456516,8.076825723094993,C
0.75002843,0.15628673,0.03439698,0.048739027,0.28615096,0.050468788,0.11433565,0.5229775,0.110790335,0.0035370598,0.00685525,0.16165261,8.076825723094993,8.12324426173347,C
0.76914704,0.16542318,0.03164466,0.034981858,0.19943063,0.04162933,0.12323639,0.53085965,0.1130692,0.004227414,0.008742331,0.16564776,8.12324426173347,8.169662800371947,C
0.7536918,0.1924527,0.044712413,0.04820897,0.2910751,0.072248295,0.13425933,0.49399498,0.12092037,0.008501089,0.021140499,0.15311861,8.169662800371947,8.216081339010424,C
0.72182894,0.23926374,0.04550967,0.036851194,0.21804298,0.07839032,0.20502256,0.53480494,0.13098554,0.013815747,0.037249837,0.13346438,8.216081339010424,8.262499877648901,C
0.728227,0.24000327,0.0369293,0.022607533,0.1202059,0.06576699,0.24640751,0.5393912,0.1331345,0.019248668,0.0591092,0.13485338,8.262499877648901,8.308918416287378,C
0.84881467,0.28648272,0.026579397,0.026245637,0.12439007,0.05894283,0.14338733,0.3309141,0.11410761,0.03283808,0.1088543,0.14521244,8.308918416287378,8.355336954925855,C
0.5703091,0.18289182,0.22158077,0.123325735,0.089767285,0.06689341,0.18368289,0.5759006,0.31907266,0.07137482,0.13399935,0.2723958,8.355336954925853,8.40175549356433,C
0.16704698,0.09287887,0.4619531,0.15413925,0.02365927,0.03193956,0.16090423,0.64378756,0.26295143,0.0423721,0.09573611,0.45196512,8.40175549356433,8.448174032202807,C
0.11195553,0.0930083,0.60476065,0.12838802,0.00813337,0.01193674,0.11551402,0.48447004,0.11718781,0.026113447,0.09830423,0.5694335,8.448174032202807,8.494592570841284,G
0.08458288,0.09968818,0.70154715,0.13698031,0.0057378355,0.008589315,0.09555767,0.49353668,0.10922717,0.017320314,0.07297288,0.4490033,8.494592570841284,8.541011109479761,G
0.073236324,0.09356809,0.7461468,0.15660729,0.007208176,0.009147347,0.092419006,0.5145711,0.11351791,0.008763284,0.04693099,0.34057987,8.541011109479761,8.587429648118238,G
0.08765738,0.08534517,0.71289265,0.14837846,0.008595355,0.009332911,0.08458219,0.48728532,0.114160694,0.0064548105,0.06272989,0.4393505,8.587429648118238,8.633848186756715,G
0.09597745,0.08485285,0.6724723,0.13479625,0.007239138,0.009396353,0.07813622,0.43605053,0.10094458,0.012606938,0.086092904,0.546857,8.633848186756715,8.680266725395192,G
0.09585438,0.09390652,0.6738108,0.12522401,0.00830873,0.010692738,0.07931979,0.4053363,0.08629228,0.02120718,0.09671993,0.5694455,8.680266725395192,8.72668526403367,G
0.09655966,0.108584166,0.7211022,0.1350348,0.011269159,0.014779537,0.08823718,0.39923808,0.08435809,0.024982344,0.08563501,0.5080029,8.72668526403367,8.773103802672146,G
0.123424426,0.11676142,0.6742386,0.14501092,0.029694198,0.03187122,0.10275804,0.36635017,0.08377573,0.02885412,0.108437955,0.57378423,8.773103802672146,8.819522341310623,G
0.14005233,0.11276393,0.603679,0.13872139,0.052435257,0.07941814,0.07212949,0.25850692,0.067998834,0.020964155,0.15046939,0.6893534,8.819522341310623,8.8659408799491,G
0.13647836,0.1222685,0.63833964,0.14380318,0.06560215,0.12932587,0.07745907,0.25905514,0.06311216,0.00909505,0.116214775,0.6531135,8.8659408799491,8.912359418587577,G
0.13503188,0.124064654,0.66374785,0.14774756,0.06161716,0.114897646,0.08733038,0.31539956,0.07808662,0.009558356,0.09118344,0.6044658,8.912359418587577,8.958777957226054,G
0.11232717,0.118690036,0.69349986,0.1497441,0.037225466,0.0652122,0.1253753,0.38496664,0.08450708,0.01659696,0.09136086,0.5334881,8.958777957226054,9.005196495864531,G
0.0990129,0.122117355,0.7000291,0.14588077,0.0296106,0.034946803,0.14581889,0.45265535,0.10007551,0.020870334,0.09372349,0.46526235,9.005196495864531,9.051615034503008,G
0.08935144,0.1424119,0.7566223,0.15028833,0.025779935,0.034147628,0.12051303,0.43367088,0.0984972,0.015937014,0.08324718,0.3941585,9.051615034503008,9.098033573141485,G
0.086155616,0.14952263,0.7626255,0.14495672,0.042828213,0.078874275,0.1340561,0.45716023,0.1010796,0.010778787,0.06262219,0.34399614,9.098033573141485,9.144452111779962,G
0.12268653,0.13779943,0.5943027,0.12132727,0.06223824,0.1381323,0.2008633,0.5796843,0.13090755,0.015374788,0.07788296,0.41865292,9.144452111779962,9.19087065041844,G
0.1884889,0.076306194,0.2805954,0.0997212,0.0324968,0.09137084,0.24312176,0.57607144,0.15043749,0.022749297,0.14679906,0.6518444,9.19087065041844,9.237289189056916,G
0.15255514,0.09398762,0.553883,0.16637625,0.01684924,0.04072865,0.11976911,0.37701765,0.091910824,0.009802227,0.12017034,0.67231804,9.237289189056916,9.283707727695393,G
0.1174383,0.112666026,0.75605994,0.16183515,0.008338044,0.012553984,0.06723405,0.22234589,0.043842837,0.0050804615,0.090069175,0.5580785,9.283707727695393,9.33012626633387,G
0.10437733,0.12093688,0.8077154,0.16923122,0.008877155,0.011307901,0.040958058,0.17502642,0.038182355,0.0053296746,0.0789166,0.50319344,9.33012626633387,9.376544804972347,G
0.12260205,0.102875724,0.7550686,0.17375134,0.013451137,0.024584817,0.0429868,0.2045955,0.049409777,0.0051329127,0.086159155,0.56540567,9.376544804972347,9.422963343610824,G
0.1432328,0.08386069,0.62035197,0.14292401,0.019583194,0.03889078,0.06794399,0.33074215,0.08308005,0.004772565,0.107191764,0.6579285,9.422963343610824,9.469381882249301,G
0.14129192,0.06466454,0.48544234,0.118631296,0.015466504,0.033494715,0.11017291,0.49406183,0.11087989,0.0061095553,0.118300326,0.6649846,9.469381882249301,9.515800420887778,G
0.116162874,0.07097768,0.45692965,0.102142654,0.010092514,0.019299336,0.16158077,0.62317336,0.11840203,0.0072367894,0.10468663,0.5677078,9.515800420887778,9.562218959526255,G
0.09751478,0.10189,0.6006002,0.14572792,0.011327009,0.016340021,0.17431723,0.60955787,0.104701445,0.010135905,0.076602295,0.4229379,9.562218959526255,9.608637498164732,G
0.07994443,0.12955838,0.7696823,0.19811568,0.022006702,0.029125066,0.1471385,0.43631884,0.10871652,0.01905187,0.06678667,0.33935773,9.608637498164732,9.65505603680321,G
0.07840347,0.13428813,0.7479517,0.13617098,0.026575064,0.046024434,0.10867933,0.3520382,0.10394731,0.012241228,0.10646544,0.4868151,9.65505603680321,9.701474575441686,G
0.08720442,0.10535869,0.645332,0.12383151,0.03319639,0.05856255,0.12078522,0.35885185,0.08723868,0.010016802,0.13590479,0.61272424,9.701474575441686,9.747893114080163,G
0.104010195,0.069009,0.50789285,0.10926727,0.034409694,0.05635471,0.13309985,0.40954039,0.098286465,0.024150815,0.14764124,0.7019152,9.747893114080163,9.79431165271864,G
0.10451559,0.07358609,0.567819,0.12924534,0.033597693,0.044131663,0.12414628,0.4232435,0.10710054,0.04581758,0.13557668,0.64417714,9.79431165271864,9.840730191357117,G
0.085708894,0.10261257,0.7773425,0.16471066,0.033900738,0.026062038,0.088121735,0.36971056,0.118142955,0.05973257,0.09375798,0.4220635,9.840730191357117,9.887148729995594,G
0.08333833,0.122836515,0.851202,0.16521376,0.032355417,0.026196245,0.057332654,0.2534964,0.09802747,0.041645262,0.0784386,0.37329426,9.887148729995594,9.933567268634071,G
0.1150342,0.1263312,0.8340298,0.1841578,0.041145146,0.041788206,0.042184778,0.16970193,0.07108845,0.025670463,0.08350715,0.44111717,9.933567268634071,9.979985807272548,G
0.105344385,0.080661245,0.28952345,0.15241723,0.3245199,0.79377073,0.21794233,0.10927066,0.1026814,0.19964294,0.11759892,0.12762113,9.979985807272548,10.026404345911025,G
0.10456793,0.031104794,0.021065133,0.023738047,0.22894369,0.93014956,0.20108576,0.028347965,0.06703992,0.14627664,0.039413076,0.028525617,10.026404345911025,10.072822884549502,F
0.16923846,0.034035522,0.008374924,0.011098444,0.1704053,0.944944,0.16693975,0.011748513,0.03933187,0.12914248,0.026959583,0.033029623,10.072822884549502,10.11924142318798,F
0.24933247,0.048956268,0.0101584,0.0129454015,0.13622122,0.92373425,0.17578807,0.0068513737,0.040453523,0.16704786,0.033178248,0.04164165,10.11924142318798,10.165659961826456,F
0.2281485,0.046007536,0.011678299,0.015090462,0.13144061,0.927136,0.17862767,0.005911728,0.04114495,0.17864798,0.037019547,0.041090447,10.165659961826456,10.212078500464933,F
0.18072532,0.038343668,0.01079518,0.015609423,0.13594767,0.9371582,0.17664953,0.0071774707,0.04142004,0.18170318,0.03892665,0.03545577,10.212078500464933,10.25849703910341,F
0.1652491,0.036633812,0.017086413,0.021903062,0.13589054,0.93636304,0.17736961,0.008973368,0.045605022,0.1948366,0.04507519,0.041516114,10.25849703910341,10.304915577741887,F
0.1569224,0.036992505,0.02240342,0.02995105,0.136444,0.92956555,0.17753063,0.0132536,0.052308876,0.22212793,0.05871727,0.051781517,10.304915577741887,10.351334116380364,F
0.116362594,0.026138375,0.037885334,0.04681779,0.15281616,0.938191,0.17950942,0.018226812,0.047850855,0.19086757,0.061452772,0.05951257,10.351334116380364,10.397752655018841,F
0.09372191,0.02759983,0.031967856,0.05151743,0.16565514,0.94118166,0.17406769,0.01892346,0.050929606,0.18194695,0.06630739,0.052546132,10.397752655018841,10.444171193657318,F
0.11044936,0.03365121,0.039828755,0.06907207,0.20735316,0.92688227,0.17639048,0.022485783,0.058697652,0.19111189,0.06664411,0.04664117,10.444171193657318,10.490589732295795,F
0.11764736,0.029277114,0.039108656,0.078273356,0.217532,0.92104346,0.22425193,0.018815437,0.04821063,0.15123476,0.060877476,0.049591146,10.490589732295795,10.537008270934273,F
0.11352079,0.030808965,0.0408242,0.08361913,0.21296117,0.91413087,0.2612651,0.022767289,0.043173853,0.14061537,0.062392496,0.04701192,10.537008270934273,10.58342680957275,F
0.10411395,0.028001262,0.035415746,0.07522995,0.23572351,0.9158433,0.22760954,0.019371627,0.04626394,0.15785573,0.06991365,0.054770585,10.58342680957275,10.629845348211227,F
0.09730236,0.027882377,0.050542366,0.10043648,0.24301654,0.9106237,0.21588142,0.02143824,0.050761398,0.17229669,0.076957636,0.059752937,10.629845348211227,10.676263886849704,F
0.099399194,0.031654075,0.059260514,0.13158481,0.27404758,0.908208,0.19370474,0.020928213,0.049724482,0.13926989,0.069571726,0.06065624,10.676263886849704,10.72268242548818,F
0.1032116,0.03132849,0.062943704,0.12604436,0.2574847,0.9106341,0.22623178,0.020257749,0.044753797,0.10502685,0.06452854,0.06461654,10.722682425488179,10.769100964126656,F
0.12569556,0.060199745,0.10266566,0.21580903,0.38596833,0.81284523,0.26853877,0.089229375,0.074266925,0.11849227,0.06780146,0.09770347,10.769100964126656,10.815519502765133,F
0.058123786,0.030122953,0.105670504,0.20525822,0.8228841,0.39193332,0.1461139,0.24893579,0.10369533,0.030824421,0.026570553,0.1262534,10.815519502765133,10.86193804140361,F
0.025973318,0.014320633,0.09061078,0.15076819,0.9015937,0.29990816,0.09072674,0.21574461,0.06935438,0.019462753,0.013886429,0.07213968,10.86193804140361,10.908356580042087,F
0.026104204,0.021467911,0.1568911,0.160077,0.91461205,0.25058234,0.056740426,0.19468535,0.055021405,0.020557402,0.013880748,0.06743176,10.908356580042087,10.954775118680564,F
0.03537682,0.02659606,0.19566962,0.15568309,0.8957575,0.26642695,0.04559429,0.22720294,0.06258319,0.01840844,0.014698909,0.063094676,10.954775118680564,11.00119365731904,F
0.036495805,0.02532562,0.16523024,0.16664764,0.9105949,0.26003677,0.044064246,0.1934796,0.057957057,0.02099032,0.015117188,0.052420393,11.00119365731904,11.047612195957518,F
0.031202365,0.019214928,0.11221445,0.16064258,0.9250335,0.2594773,0.039255437,0.16981225,0.055650152,0.02754415,0.016132,0.052446216,11.047612195957518,11.094030734595995,F
0.027471691,0.013250133,0.06870981,0.15615135,0.9320722,0.24421346,0.041660894,0.18460655,0.055410396,0.033173405,0.015107517,0.03677524,11.094030734595995,11.140449273234472,F
0.02465533,0.009623443,0.03655861,0.15243389,0.941933,0.22928374,0.038298648,0.16975538,0.04768255,0.029377412,0.015532778,0.03544714,11.140449273234472,11.186867811872949,F
0.026148383,0.014322971,0.04693703,0.16427451,0.94260937,0.23557812,0.038086277,0.14141023,0.03783973,0.022760212,0.01723526,0.04709628,11.186867811872949,11.233286350511426,F
0.060640465,0.10523582,0.55018175,0.26579198,0.5814522,0.5035037,0.1203271,0.05237205,0.022051439,0.037143145,0.014471741,0.03167697,11.233286350511426,11.279704889149903,F
0.0902905,0.110806905,0.6780444,0.18947875,0.2607724,0.6275716,0.1433363,0.011814107,0.008033112,0.028737364,0.0071984176,0.02115884,11.279704889149903,11.32612342778838,F
0.11646839,0.12739731,0.811936,0.18819267,0.15566675,0.48962066,0.1029901,0.008607215,0.0051792143,0.020883137,0.005163914,0.020428263,11.32612342778838,11.372541966426857,F
0.09056909,0.13135375,0.8683533,0.19903511,0.1460676,0.38962543,0.084459946,0.009262293,0.0047639147,0.016203478,0.00404205,0.015046134,11.372541966426857,11.418960505065334,F
0.063715145,0.123382494,0.8579651,0.19109657,0.16039793,0.41924563,0.07845624,0.010803274,0.0045474493,0.010214768,0.003410313,0.01385622,11.418960505065334,11.46537904370381,F
0.063775696,0.14010863,0.8904041,0.17885867,0.1527187,0.35128143,0.06421066,0.0121079115,0.00487696,0.01139319,0.0044612163,0.018098878,11.46537904370381,11.511797582342288,F
0.08463088,0.1469894,0.9000994,0.18060525,0.16676974,0.3104254,0.058463763,0.012312556,0.0056013,0.01603621,0.0055576414,0.01922162,11.511797582342288,11.558216120980765,F
0.10820126,0.14788343,0.86512035,0.188157,0.20629714,0.36787245,0.06079209,0.011431963,0.0061026085,0.020952633,0.0063389204,0.018848388,11.558216120980765,11.604634659619242,F
0.11496609,0.15070699,0.794522,0.16869411,0.26155394,0.47727874,0.0797358,0.013576068,0.0078738285,0.027930625,0.009940369,0.025666516,11.604634659619242,11.651053198257719,F
0.34518504,0.16980018,0.6169323,0.17912006,0.39873967,0.46961832,0.110596366,0.15177016,0.06925442,0.02978226,0.023261407,0.13528144,11.651053198257719,11.697471736896196,F
0.4817319,0.13878998,0.24508569,0.13670407,0.66522247,0.32653326,0.12153745,0.2746067,0.09036265,0.017700147,0.018085474,0.14760046,11.697471736896196,11.743890275534673,C
0.57549065,0.13289773,0.109656945,0.1252656,0.6806029,0.1745914,0.08302315,0.31660488,0.0711732,0.010168071,0.016245782,0.13101766,11.743890275534673,11.79030881417315,C
0.7236286,0.15111798,0.06158952,0.08776632,0.44197136,0.10619908,0.072959036,0.44524103,0.096248984,0.0074257352,0.014432599,0.14940555,11.79030881417315,11.836727352811627,C
0.7461618,0.15005691,0.042902928,0.07319956,0.3894869,0.07868623,0.0737282,0.47003123,0.09119337,0.005338227,0.011528302,0.14419512,11.836727352811627,11.883145891450104,C
0.7515081,0.1486239,0.03694558,0.075613126,0.46032098,0.0877111,0.06632881,0.39363357,0.073163144,0.0050595044,0.01083285,0.14708109,11.883145891450104,11.92956443008858,C
0.8076995,0.15549704,0.032014795,0.06386438,0.39171445,0.07801816,0.06419686,0.3521633,0.064857274,0.006192509,0.012988192,0.16204242,11.92956443008858,11.975982968727058,C
0.86326915,0.16519217,0.027436584,0.056481294,0.30105495,0.064376056,0.061060384,0.3014374,0.05504256,0.007889457,0.017629521,0.17538811,11.975982968727058,12.022401507365535,C
0.8415032,0.1583262,0.027412673,0.08320841,0.3956252,0.0718284,0.049616523,0.24655685,0.045031756,0.0073186886,0.017015014,0.17840533,12.022401507365535,12.068820046004012,C
0.729995,0.13440472,0.026047839,0.109351024,0.5873072,0.10126116,0.043579843,0.21325448,0.04336589,0.010061689,0.020903567,0.17727798,12.068820046004012,12.115238584642489,C
0.6011375,0.12891196,0.031310853,0.124630086,0.70628583,0.12238697,0.04941199,0.23428811,0.047234103,0.012515535,0.024855345,0.17704847,12.115238584642489,12.161657123280966,C
0.69433445,0.17765203,0.056157175,0.106524795,0.608631,0.1152392,0.045236245,0.22063667,0.0447666,0.009296221,0.020819962,0.18675034,12.161657123280966,12.208075661919443,C
0.79026186,0.22244307,0.094951324,0.08816922,0.44370988,0.10282246,0.04218159,0.21952914,0.04715867,0.010020868,0.022962406,0.22122578,12.208075661919443,12.25449420055792,C
0.4768887,0.13467044,0.06562491,0.15310623,0.8063254,0.13542281,0.03413107,0.19598114,0.040237796,0.0076309536,0.016463907,0.12911652,12.25449420055792,12.300912739196397,C
0.28323457,0.07367619,0.04328338,0.16623196,0.908056,0.13788454,0.027253035,0.18014938,0.036405824,0.0050639603,0.011384545,0.08116902,12.300912739196397,12.347331277834874,C
0.3953834,0.10122159,0.075024396,0.1593458,0.84564096,0.1413875,0.03434807,0.22262432,0.043719836,0.008370841,0.016517794,0.11963122,12.347331277834874,12.39374981647335,C
0.54271096,0.14891693,0.106750116,0.14199893,0.7315547,0.12613447,0.04671564,0.26988992,0.051783036,0.011348477,0.019771501,0.14974312,12.39374981647335,12.440168355111828,C
0.6033358,0.15879068,0.10928282,0.12806603,0.6714096,0.11228979,0.048659984,0.29292455,0.056315657,0.0079409005,0.015125245,0.16550559,12.440168355111828,12.486586893750305,C
0.65043986,0.22195093,0.10285948,0.120884836,0.5334564,0.11541381,0.08338794,0.40087438,0.07938425,0.021286283,0.028713495,0.17129885,12.486586893750305,12.533005432388782,C
0.57504207,0.24865085,0.05100782,0.15493755,0.612494,0.109244674,0.09221283,0.38290486,0.0760942,0.02962507,0.040749997,0.17424347,12.533005432388782,12.579423971027259,C
0.576888,0.1826429,0.017853696,0.14314601,0.7235079,0.10632585,0.040436484,0.21619594,0.046626627,0.01094063,0.017038079,0.16523804,12.579423971027259,12.625842509665736,C
0.7103412,0.19137596,0.024177086,0.12632655,0.58815575,0.0814588,0.03794763,0.20526083,0.040731996,0.0056220577,0.014780138,0.21024679,12.625842509665736,12.672261048304213,C
0.8092247,0.18043439,0.056305263,0.10887151,0.40024367,0.050849043,0.044053752,0.26238748,0.054304287,0.0057663377,0.017406108,0.24641795,12.672261048304213,12.71867958694269,C
0.6720984,0.1543266,0.07659288,0.15015344,0.63035685,0.075641684,0.04622598,0.25520727,0.0530706,0.0059507545,0.008341085,0.15097679,12.71867958694269,12.765098125581167,C
0.67330056,0.14929102,0.10148248,0.16390939,0.633225,0.07474396,0.0442428,0.23377721,0.046160385,0.0056491406,0.006988209,0.14775737,12.765098125581167,12.811516664219644,C
0.7670579,0.17236683,0.09138753,0.14795132,0.5246206,0.060370974,0.04053238,0.20409504,0.039365068,0.005065365,0.008787869,0.16688028,12.811516664219644,12.85793520285812,C
0.6235252,0.16069227,0.04242321,0.16557346,0.71012294,0.09594285,0.035202757,0.14053774,0.027157446,0.00520188,0.009470628,0.14441615,12.85793520285812,12.904353741496598,<END>
